Title,Price,Description,Image URL,Dimensions,Source URL
Whitman Armchair,"Rs. 24,500.00","The Whitman Armchair is a plush seating made from high-quality Sheesham wood and features a soft linen cover. This luxurious combination offers both comfort and durability for any living space. With a sleek and modern design, this armchair is a must-have for any home.",//timbermanor.in/cdn/shop/files/BF09D4DC-E9C7-4A17-9962-4A6A240349D4.png?v=1718313188&width=1946,,https://timbermanor.in/products/nelson-single-seater
Busan Lounger,"Rs. 23,850.00","Experience ultimate comfort and relaxation with the Busan Lounger! Made with plush cotton upholstery and durable rattan, this lounge chair offers a luxurious and comfortable seating experience. Perfect for unwinding after a long day or enjoying a good book. Treat yourself to the ultimate lounge experience with the Busan Lounger.",//timbermanor.in/cdn/shop/files/7EC76AD1-FE0A-4D82-ADEF-D5917FCA5F8E.png?v=1717405558&width=1946,,https://timbermanor.in/products/untitled-may20_18-20
Nelson Crockery Unit,"Rs. 44,500.00","Expertly crafted to organize and display your crockery and barware, the Nelson Crockery Unit combines intricate design with practical functionality. Keep your kitchen or dining area tidy and stylish with this must-have piece.",//timbermanor.in/cdn/shop/files/BB7E89AC-899B-4F36-99DF-CB2FBCA37AAA.png?v=1720959851&width=1946,"Length- 72in
Height- 48in
Depth- 16in",https://timbermanor.in/products/nelson-crockery-unit
Oxford Bar Cabinet,"Rs. 165,000.00","Experience the elegance and grandeur of an English phone booth with our Oxford Bar Cabinet. This majestic bar unit features a unique design that is sure to add sophistication and charm to any home. With plenty of storage space for your favorite beverages and barware, it's a functional and stylish addition to any living space.",//timbermanor.in/cdn/shop/files/54BF6E9F-77E6-4BDF-B433-F0A8ED1564DF.png?v=1718130997&width=1946,"Length- 60in
Height- 120in
Depth- 24in",https://timbermanor.in/products/untitled-jun11_23-35
Cabao Bar Cabinet,"Rs. 46,500.00","The Cabao Bar Cabinet combines Spanish-inspired design with functional storage and drawers. This unique piece is perfect for adding a touch of style and organization to your home bar. With a spacious interior and sleek exterior, it's sure to elevate your space.",//timbermanor.in/cdn/shop/files/F7372A33-04BB-41DE-8058-24E90404C0A5.jpg?v=1716788331&width=1946,"Height- 72in
Width-28in
Depth- 18in",https://timbermanor.in/products/untitled-may22_09-29
Cancun Bar Cabinet,"Rs. 36,850.00","The Cancun Bar Cabinet combines antiquity and utilitarian design, featuring handcrafted panels and an immaculate finish. Its purpose is to add elegance and functionality to any living space. Expertly crafted, this bar cabinet is perfect for storing and serving drinks and makes a beautiful addition to any home decor.",//timbermanor.in/cdn/shop/files/48A402A9-60AF-4EE6-B867-9FE8B61F0BCA.png?v=1716209408&width=1946,"Height- 66in
Width- 32in
Depth- 18in",https://timbermanor.in/products/cancun-bar-cabinet
Tudor Bar Cabinet,"Rs. 31,850.00",No description available,//timbermanor.in/cdn/shop/files/BB7A909E-A80A-4024-AE1D-F7C500430CE0.jpg?v=1682598463&width=1946,"Height- 44in
Width- 38in
Depth- 14in",https://timbermanor.in/products/tudor-bar-cabinet
Atlantis Bar Cabinet,"Rs. 36,850.00","Maximize your storage space and ease of access with our Sailor themed bar cabinet. This expertly crafted piece features a drop down shelf and custom design perfect for any party. Plus, as a made to order product, you can trust in its quality and functionality. This is a made to order product, please contact us if you’d like the dimensions or the finish to be altered.",//timbermanor.in/cdn/shop/files/F552A9FA-C125-4BF9-A669-302552C22B75_1_201_a.jpg?v=1683477756&width=1946,"Height- 60 in
Width- 40 in
Depth- 16in",https://timbermanor.in/products/atlantis-bar-cabinet
Diona Storage Bed,"Rs. 46,000.00","Diona Queen Bed is expertly crafted with hydraulic storage for ease of access and a clean, streamlined look. Upholstered for added comfort and style, this bed is the perfect addition to any bedroom. Experience convenience and elegance with the Diona Queen Bed.",//timbermanor.in/cdn/shop/files/9FE712BF-2888-47E1-9980-B5DF32CECCB3.png?v=1721033637&width=1946,"Width- 63in
Length- 81in
Headboard- 42in",https://timbermanor.in/products/diona-queen-bed-1
Caitlyn Bed,"Rs. 36,500.00","The Caitlyn Queen Bed is a sleek and modern addition to any bedroom. With its minimalistic design and upholstered finish, it offers both style and comfort. Crafted with high-quality materials, this bed will provide a restful night's sleep for years to come. Elevate your bedroom with this elegant and functional piece.",//timbermanor.in/cdn/shop/files/3E9132AB-40F5-4984-A41D-C7A82A07FD6E.png?v=1718183294&width=1946,,https://timbermanor.in/products/caitlyn-queen-bed
Diona Bed,"Rs. 38,000.00","Elevate your bedroom with the Diona Queen Bed. Featuring an upholstered curved headboard, this bed offers both comfort and style. The rich natural tones add a touch of elegance to any room. Crafted with expert precision, experience luxury at its finest.",//timbermanor.in/cdn/shop/files/2E1AE92C-3876-4867-A488-9A6F7EEFC0BA.png?v=1717429953&width=1946,,https://timbermanor.in/products/diona-queen-bed
Ruth Queen Bed,"Rs. 46,000.00","The Ruth Queen Bed combines the natural elegance of rattan with the sturdy durability of solid wood. The rattan back adds a touch of sophistication to this queen-sized bed, creating a comfortable and stylish sleeping experience. Crafted with quality materials, it is built to last for years to come.",//timbermanor.in/cdn/shop/files/B76CA432-8FB4-40D1-B585-28A5CCA9DD4E.png?v=1717430764&width=1946,"Mattress size: 60x78in

Headboard height- 54in
Platform height- 12in",https://timbermanor.in/products/ruth-queen-bed
Naele Sides,"Rs. 16,500.00","Transform your living room activities with these multifunctional Naele Sides, ideal for placing near your bed or couch. Maximize space by incorporating versatile and practical furniture suitable for a variety of activities. From reading in bed to lounging on the couch, this minimalistic side table offers easy access and convenience.",//timbermanor.in/cdn/shop/files/3BAAE7DF-7DCC-4960-BDA4-F39C7E5C0512.png?v=1718316817&width=1946,"Width- 24in
Height-24in
Platform Height- 18in
Depth- 16in",https://timbermanor.in/products/naele-sides
Burkin Cabinet,"Rs. 28,850.00","Expertly handcrafted from natural wood tones and adorned with a delicate pastel green carved design, this cabinet offers versatile storage options for linens, dishes, or shoes. Its sturdy construction ensures reliable weight-bearing capabilities.",//timbermanor.in/cdn/shop/files/IMG_3745.png?v=1709276483&width=1946,"Height- 54in
Width- 32in
Depth- 16in",https://timbermanor.in/products/burkin-cabinet
Menai Cabinet,"Rs. 31,850.00","Introducing the Olive Range extension - an expertly designed and adaptable addition. Featuring a stunning blend of burnt brown and olive hues, plus a unique notched wicker detail to elevate your living space. This is a made to order product, please contact us if you’d like the dimensions or the finish to be altered.",//timbermanor.in/cdn/shop/files/224F3B96-642A-42BD-8F5D-6E15D6AAD548.heic?v=1684235726&width=1946,"Height- 60in (top -15in) (bottom- 20in)
Width- 32in
Depth- 16in (top- 13in) (bottom- 15in)
",https://timbermanor.in/products/menai-cabinet
Claude Display Cabinet,"Rs. 34,750.00",No description available,//timbermanor.in/cdn/shop/files/image.jpg?v=1684838442&width=1946,"Height- 66in
Width- 30in
Depth- 16in",https://timbermanor.in/products/claude-display-cabinet
Kun Wall Shelves,"Rs. 4,200.00","Maximize storage and style with Kun Wall Shelves. Crafted with natural cane, these shelves provide a sleek and modern look while also offering durable and functional storage options. Perfect for any room in your home, these shelves add a touch of elegance while keeping your space organized and clutter-free.",//timbermanor.in/cdn/shop/files/46A7870F-BDE7-4B1D-AD21-5A30E682F58B.jpg?v=1714470615&width=1946,"Length- 24in
Height- 6in
Depth- 6in",https://timbermanor.in/products/untitled-apr19_11-49
Maurice Cabinet,"Rs. 26,850.00","The Maurice Cabinet is an exquisitely designed piece that features a combination of rich wood gradients and elegant fluted glass elements. Add a touch of sophistication to your living space and elevate its aesthetic with this exquisite cabinet. Experience the perfect balance of beauty and functionality. This is a made to order product, please contact us if you’d like the dimensions or the finish to be altered.",//timbermanor.in/cdn/shop/files/7EA8DD1C-48A8-4747-8BDD-387059B7CBAE.png?v=1717430261&width=1946,"Height- 50in
Width- 30in
Depth- 15in",https://timbermanor.in/products/maurice-cabinet
Ancilla Bookshelf,"Rs. 24,000.00","Expertly handcrafted with natural hues of wood and rattan, the Ancilla Bookshelf exudes timeless charm and versatility. The intricate borders add a touch of elegance while providing sturdy support for your books and decor. Elevate your living space with this unique and functional piece.",//timbermanor.in/cdn/shop/files/990FE131-1EAC-42E9-86FA-C832D24D5105.png?v=1717067104&width=1946,"Height- 60in
Width- 24in
Depth- 15in",https://timbermanor.in/products/untitled-apr3_08-37
Lyla Storage Shelf,"Rs. 23,500.00","Skillfully made storage shelves that effortlessly blend the resilience of wood with the inherent allure of rattan. Suitable for various settings like living rooms and bedrooms, these expertly crafted shelves are constructed with premium materials for long-lasting use. They bring a touch of rustic sophistication to any space while providing the ideal solution for all your organizational requirements.",//timbermanor.in/cdn/shop/products/F1F8F0C7-82E3-40E9-9BB4-749A98412B25.png?v=1682596720&width=1946,"Height- 48in
Width- 24in
Depth- 16in",https://timbermanor.in/products/lyla-storage-shelf
Lanie Cabinet,"Rs. 26,500.00",Maximize your storage space with the Lanie Cabinet. This spacious rattan cabinet features channeled drawers for easy organization. Keep your belongings tidy and accessible with this stylish and functional piece of furniture.,//timbermanor.in/cdn/shop/files/2E364CB0-2FA6-40F1-9389-A157B93A8552.png?v=1718131882&width=1946,"Height- 42in
Width- 36in
Depth- 15in",https://timbermanor.in/products/elle-cabinet
Matilda Console Legacy,"Rs. 26,500.00","The Matilda Console Legacy is a timeless piece, beautifully finished in antique brown and stained green. With spacious cabinets and channeled drawers, it offers ample storage while adding a touch of handwoven rattan for a unique and elegant look. The perfect addition to any home or office space.",//timbermanor.in/cdn/shop/files/030759EA-521F-41BD-B945-616804F88D00.png?v=1717237609&width=1946,"Length- 42in
Height- 48in
Depth- 16in",https://timbermanor.in/products/matilda-console-legacy
Maurice Cabinet,"Rs. 26,850.00","The Maurice Cabinet is an exquisitely designed piece that features a combination of rich wood gradients and elegant fluted glass elements. Add a touch of sophistication to your living space and elevate its aesthetic with this exquisite cabinet. Experience the perfect balance of beauty and functionality. This is a made to order product, please contact us if you’d like the dimensions or the finish to be altered.",//timbermanor.in/cdn/shop/files/7EA8DD1C-48A8-4747-8BDD-387059B7CBAE.png?v=1717430261&width=1946,"Height- 50in
Width- 30in
Depth- 15in",https://timbermanor.in/products/maurice-cabinet
Bennet Cupboard,"Rs. 26,850.00","The Bennet Cupboard adds a touch of elegance to any room with its beautiful antique brown finish and intricate rattan panels. Its spacious design allows for ample storage and organization, making it a practical and stylish addition to your home decor.",//timbermanor.in/cdn/shop/files/501A0B82-186A-4138-9718-C39A7B67DCAB.png?v=1717429616&width=1946,"Height- 42in
Width- 36in
Depth- 15in",https://timbermanor.in/products/bennet-cupboard
Burt Cabinet,"Rs. 24,500.00","The Burt Cabinet features exquisite rattan panels and versatile storage. With its elegant design and functional storage space, this cabinet adds a touch of sophistication to any room. The rattan panels add a unique texture, while the ample storage space allows for easy organization and accessibility. Perfect for any home or office setting.",//timbermanor.in/cdn/shop/files/204805A3-691E-4372-9AE5-69D9215389CD.jpg?v=1712203979&width=1946,"Height- 52in
Width- 24in
Depth- 18in",https://timbermanor.in/products/burt-cabinet
Kleya Cabinet,"Rs. 31,500.00","Maximize storage capacity with this exquisitely crafted cabinet, showcasing a harmonious blend of natural and chalk white elements. Enhance your storage options with Kleya, known for its streamlined design and generous capacity. Add a touch of sophistication to your home with its sleek and elegant look.",//timbermanor.in/cdn/shop/files/FF533FBA-C3B7-4981-AC30-12F160A50E6F.png?v=1717429376&width=1946,"Height- 66in
Width- 32in
Depth- 16in",https://timbermanor.in/products/kleya-cabinet
Darwin Console,"Rs. 21,500.00",No description available,//timbermanor.in/cdn/shop/files/image_9f38509a-4dd1-439b-8a6d-1de58024f469.heic?v=1686205517&width=1946,"Length- 48in
Height- 32in
Depth- 15in",https://timbermanor.in/products/darwin-console
Venezia Cabinet,"Rs. 31,500.00",No description available,//timbermanor.in/cdn/shop/files/92AE7AE0-37B4-44FD-98FF-7388BEAF5ADC.jpg?v=1682664034&width=1946,"Length- 60in
Height- 36in
Depth- 14in",https://timbermanor.in/products/venezia-cabinet
Menai Cabinet,"Rs. 31,850.00","Introducing the Olive Range extension - an expertly designed and adaptable addition. Featuring a stunning blend of burnt brown and olive hues, plus a unique notched wicker detail to elevate your living space. This is a made to order product, please contact us if you’d like the dimensions or the finish to be altered.",//timbermanor.in/cdn/shop/files/224F3B96-642A-42BD-8F5D-6E15D6AAD548.heic?v=1684235726&width=1946,"Height- 60in (top -15in) (bottom- 20in)
Width- 32in
Depth- 16in (top- 13in) (bottom- 15in)
",https://timbermanor.in/products/menai-cabinet
Krivai Cabinet,"Rs. 38,500.00","Enhance your living room with the Krivai Cabinet, featuring brass details and brushed brass linings. Perfect for storing and organizing your belongings, this cabinet adds a touch of elegance to any space. With its sophisticated design and durable materials, the Krivai Cabinet is a must-have for any home.",//timbermanor.in/cdn/shop/files/BA70CADB-B8CB-4134-BD00-18B2C731C2AA.jpg?v=1706097426&width=1946,"Height- 70in
Width- 32in
Depth- 16in",https://timbermanor.in/products/krivai-cabinet
Essen Olive Cabinet,"Rs. 23,500.00",No description available,//timbermanor.in/cdn/shop/files/DB62A6B2-C8FC-44A4-A8CD-0F200EDF8924_1_102_o.jpg?v=1683359803&width=1946,"Height- 42in
Width- 36in
Depth- 15in",https://timbermanor.in/products/essen-olive-cabinet
Claude Display Cabinet,"Rs. 34,750.00",No description available,//timbermanor.in/cdn/shop/files/image.jpg?v=1684838442&width=1946,"Height- 66in
Width- 30in
Depth- 16in",https://timbermanor.in/products/claude-display-cabinet
Atlantis Bar Cabinet,"Rs. 36,850.00","Maximize your storage space and ease of access with our Sailor themed bar cabinet. This expertly crafted piece features a drop down shelf and custom design perfect for any party. Plus, as a made to order product, you can trust in its quality and functionality. This is a made to order product, please contact us if you’d like the dimensions or the finish to be altered.",//timbermanor.in/cdn/shop/files/F552A9FA-C125-4BF9-A669-302552C22B75_1_201_a.jpg?v=1683477756&width=1946,"Height- 60 in
Width- 40 in
Depth- 16in",https://timbermanor.in/products/atlantis-bar-cabinet
Noel Rattan Bed,"Rs. 42,000.00","Indulge in the ultimate luxury with our Noel Rattan Bed. Handcrafted with exquisite rattan, this bed exudes elegance and sophistication. Elevate your bedroom decor with this stunning piece, adding a touch of natural beauty to your sanctuary. Experience the perfect blend of comfort and style with our Noel Rattan Bed.",//timbermanor.in/cdn/shop/files/59A5B42C-C720-4AC9-BDD4-A3C0FC02A2CE.png?v=1718311910&width=1946,"King Size

Mattress - 72x75in",https://timbermanor.in/products/noel-rattan-bed
Bueno Bed,"Rs. 42,500.00","Expertly crafted with a white washed finish, the Bueno Queen Bed features beautiful rattan construction for a timeless and elegant piece. Add a touch of sophistication to your bedroom with this stunning bed, perfect for a peaceful and stylish slumber.",//timbermanor.in/cdn/shop/files/21381601-48F1-4C6B-96FA-105FAE70E109.png?v=1718133171&width=1946,,https://timbermanor.in/products/fella-bed
Beroe Armchair,"Rs. 14,500.00","The Beroe Armchair is a stylish and functional addition to any living space. Crafted with a rattan back and finished with walnut, it offers a touch of natural elegance. With its ergonomic design, it provides both comfort and support, making it the perfect seating option for relaxation and enjoyment.",//timbermanor.in/cdn/shop/files/11C3E25C-6032-4D01-B6AE-96CB220EBF6E.png?v=1722340840&width=1946,,https://timbermanor.in/products/untitled-jul30_17-15
Lamia Seater,"Rs. 18,000.00","Jute woIndulge in the natural beauty of our Lamia Seater. Handwoven with jute and crafted with Sheesham wood, this piece exudes earthy vibes and expert craftsmanship. Experience the perfect blend of style and sustainability.",//timbermanor.in/cdn/shop/files/77AC708A-F20C-4B01-8886-20E6AF0F51EF.png?v=1718315543&width=1946,,https://timbermanor.in/products/lamia-seater
Kata Single Seater,"Rs. 13,850.00","The Kata Single Seater combines the natural and warm tones of rattan and wood, providing both comfort and versatility as a lounge or dining chair. Expertly crafted, this chair offers a unique and stylish touch to any space. Enjoy its comfortable seating for long periods of time.",//timbermanor.in/cdn/shop/files/E1B6527F-4DD7-48CD-AE8E-4E91C492AFF5.png?v=1718314580&width=1946,"Height- 32in 
Width- 24in
Depth-22in
",https://timbermanor.in/products/kata-single-seater
Fae Single Seater,"Rs. 16,500.00",No description available,//timbermanor.in/cdn/shop/files/4D73A8BD-7DA4-4E86-A87F-F239BC1E7DB7.png?v=1718314242&width=1946,,https://timbermanor.in/products/fae-single-seater
Tabo Drawers Set,"Rs. 21,000.00",Easily solve storage issues with this 6-drawer set featuring captivating tribal engravings. Bring functionality and cultural influence to your living space.,//timbermanor.in/cdn/shop/files/image_14dcffb5-2948-42bf-9c78-b61714b6a313.png?v=1688021274&width=1946,,https://timbermanor.in/products/tabo-drawers-set
Whitman Coffee Table,"Rs. 26,000.00","Crafted by hand, the Whitman Coffee Table is made from premium solid Sheesham wood. Experience the state-of-the-art design and high-quality craftsmanship with every use. Elevate your living space with this luxurious and durable piece.",//timbermanor.in/cdn/shop/files/FC0226C4-8801-4313-9765-6CE0A13EBC6C.png?v=1719218672&width=1946,"Length- 36in
Width- 36in
Height- 16.5in",https://timbermanor.in/products/whitman-coffee-table
Brunei Coffee Table,"Rs. 14,800.00","Experience elegance and durability with our Brunei Coffee Table. Expertly crafted with hard carved legs and a solid wood top, this table is the perfect addition to any living space. Enjoy the timeless beauty and sturdy design for years to come.",//timbermanor.in/cdn/shop/files/730FD222-5265-436A-94EF-305E0E12D904.jpg?v=1713507120&width=1946,"Length- 36in
Width- 36in
Height-18in",https://timbermanor.in/products/brunei-coffee-table
Reese Coffee Table,"Rs. 15,900.00","Elevate your living space with the minimalist Reese Coffee Table. Finished in a natural tone and supported by cast iron legs, this centrepiece adds a touch of sophistication to any room.",//timbermanor.in/cdn/shop/files/1923A207-4555-494B-9BF1-75D0AFB10A96.png?v=1707807482&width=1946,"Width- 36in
Depth- 36in
Height- 18in (Centre console gap- 12in)
Legs- 6in",https://timbermanor.in/products/reese-coffee-table
Naele Sides,"Rs. 16,500.00","Transform your living room activities with these multifunctional Naele Sides, ideal for placing near your bed or couch. Maximize space by incorporating versatile and practical furniture suitable for a variety of activities. From reading in bed to lounging on the couch, this minimalistic side table offers easy access and convenience.",//timbermanor.in/cdn/shop/files/3BAAE7DF-7DCC-4960-BDA4-F39C7E5C0512.png?v=1718316817&width=1946,"Width- 24in
Height-24in
Platform Height- 18in
Depth- 16in",https://timbermanor.in/products/naele-sides
Gwen Coffee Table,"Rs. 26,500.00","The Gwen Coffee Table boasts a minimalist Nordic design, complete with rattan sliders for convenient storage space access underneath the platform. With its sleek Nordic influence and included rattan sliders, the Gwen Coffee Table is expertly crafted for easy, yet stylish organisation.",//timbermanor.in/cdn/shop/files/image_6e195cc7-1e71-4c7d-8ee1-686ce10d305e.heic?v=1684839097&width=1946,"Total Height- 18in 
Legs- 6in
Storage gap- 12in
Depth- 36in
Length- 36in",https://timbermanor.in/products/gwen-coffee-table
Matilda Console Legacy,"Rs. 26,500.00","The Matilda Console Legacy is a timeless piece, beautifully finished in antique brown and stained green. With spacious cabinets and channeled drawers, it offers ample storage while adding a touch of handwoven rattan for a unique and elegant look. The perfect addition to any home or office space.",//timbermanor.in/cdn/shop/files/030759EA-521F-41BD-B945-616804F88D00.png?v=1717237609&width=1946,"Length- 42in
Height- 48in
Depth- 16in",https://timbermanor.in/products/matilda-console-legacy
Matilda Console,"Rs. 26,850.00","The Matilda Console adds mid-century charm while also providing functional storage space. With its sleek design and additional storage capabilities, this console table is perfect for any entryway, living room, or hallway. Bring both style and organization to your home with the Matilda Console. Effortlessly store and display your belongings with the Matilda Console, a mid century piece that offers extra storage options. Enhance your space with this sleek and functional console, perfect for any modern home.",//timbermanor.in/cdn/shop/files/0CD1EBCE-2E51-4DF5-B009-DFF0FBEFE26B.png?v=1717236714&width=1946,"Length- 42in
Height- 48in
Depth- 16in",https://timbermanor.in/products/untitled-apr24_14-41
Beirut Console,"Rs. 22,500.00","Introducing the Beirut Console – a Nordic-inspired console with ample storage space. Crafted with functionality in mind, this sleek piece seamlessly blends style and convenience. With its clean lines and versatile design, it adds both aesthetic appeal and practicality to any living space.",//timbermanor.in/cdn/shop/files/BCC46569-537F-46C6-BEA4-38737A6D5BE9.png?v=1717068660&width=1946,"Length- 60in
Height- 32in
Depth- 16in",https://timbermanor.in/products/untitled-jan30_22-32
Tyler Console Table,"Rs. 14,500.00","Enhance your hallway with this stylish console table, featuring a bohemian-inspired design in a combination of chalk white and natural tones.",//timbermanor.in/cdn/shop/files/CA42F22D-E7EF-432F-8CDA-AD7E225BA1B8.png?v=1706095059&width=1946,"Height- 36in
Length- 36in
Depth- 15in",https://timbermanor.in/products/tyler-console-table
Nelson Crockery Unit,"Rs. 44,500.00","Expertly crafted to organize and display your crockery and barware, the Nelson Crockery Unit combines intricate design with practical functionality. Keep your kitchen or dining area tidy and stylish with this must-have piece.",//timbermanor.in/cdn/shop/files/BB7E89AC-899B-4F36-99DF-CB2FBCA37AAA.png?v=1720959851&width=1946,"Length- 72in
Height- 48in
Depth- 16in",https://timbermanor.in/products/nelson-crockery-unit
Lanie Cabinet,"Rs. 26,500.00",Maximize your storage space with the Lanie Cabinet. This spacious rattan cabinet features channeled drawers for easy organization. Keep your belongings tidy and accessible with this stylish and functional piece of furniture.,//timbermanor.in/cdn/shop/files/2E364CB0-2FA6-40F1-9389-A157B93A8552.png?v=1718131882&width=1946,"Height- 42in
Width- 36in
Depth- 15in",https://timbermanor.in/products/elle-cabinet
Ancilla Bookshelf,"Rs. 24,000.00","Expertly handcrafted with natural hues of wood and rattan, the Ancilla Bookshelf exudes timeless charm and versatility. The intricate borders add a touch of elegance while providing sturdy support for your books and decor. Elevate your living space with this unique and functional piece.",//timbermanor.in/cdn/shop/files/990FE131-1EAC-42E9-86FA-C832D24D5105.png?v=1717067104&width=1946,"Height- 60in
Width- 24in
Depth- 15in",https://timbermanor.in/products/untitled-apr3_08-37
Burt Cabinet,"Rs. 24,500.00","The Burt Cabinet features exquisite rattan panels and versatile storage. With its elegant design and functional storage space, this cabinet adds a touch of sophistication to any room. The rattan panels add a unique texture, while the ample storage space allows for easy organization and accessibility. Perfect for any home or office setting.",//timbermanor.in/cdn/shop/files/204805A3-691E-4372-9AE5-69D9215389CD.jpg?v=1712203979&width=1946,"Height- 52in
Width- 24in
Depth- 18in",https://timbermanor.in/products/burt-cabinet
Menai Cabinet,"Rs. 31,850.00","Introducing the Olive Range extension - an expertly designed and adaptable addition. Featuring a stunning blend of burnt brown and olive hues, plus a unique notched wicker detail to elevate your living space. This is a made to order product, please contact us if you’d like the dimensions or the finish to be altered.",//timbermanor.in/cdn/shop/files/224F3B96-642A-42BD-8F5D-6E15D6AAD548.heic?v=1684235726&width=1946,"Height- 60in (top -15in) (bottom- 20in)
Width- 32in
Depth- 16in (top- 13in) (bottom- 15in)
",https://timbermanor.in/products/menai-cabinet
Miraki Daybed,"Rs. 42,000.00","The Miraki Daybed is a versatile addition to any space, providing both functionality and comfort. With its unique design, it enhances the utility of a room while also offering a cozy spot for lounging or sleeping. Upgrade your space with this must-have piece.",//timbermanor.in/cdn/shop/files/089AE211-5343-49F4-9CD9-C150E6E85E88.jpg?v=1714133929&width=1946,,https://timbermanor.in/products/miraki-daybed
Lamia Bench,"Rs. 18,000.00","Discover the natural elegance of the Lamia Bench, beautifully crafted with a handwoven jute seat and a sturdy Sheesham wood frame. Enhance any space with its eco-friendly materials, providing both style and support. Elevate your decor with this unique piece.",//timbermanor.in/cdn/shop/files/945B3F95-DACC-4230-B12C-565E855C8E12.png?v=1720638836&width=1946,"Length- 50in
Width- 16in
Height- 18in",https://timbermanor.in/products/lamia-bench
Lamia Dining Set,"Rs. 64,500.00","The Lamia Dining Set is a stylish and durable option for any dining space. Crafted from solid wood, this set offers both strength and elegance. The jute seating provides a unique and comfortable seating option, making it perfect for family dinners or entertaining guests. Experience the perfect combination of functionality and design with the Lamia Dining Set.",//timbermanor.in/cdn/shop/files/90110EB3-290C-49F0-BED7-0213274B493E.png?v=1719151711&width=1946,"Length- 60in
Height- 30in
Width- 36in",https://timbermanor.in/products/untitled-jun23_19-07
Tristan Dining Table,"Rs. 28,500.00","The Tristan Dining Table boasts a charming farmhouse style, with a crème finished base and natural wooden top. Crafted with expert precision, this dining table seamlessly marries form and function, making it the perfect addition to any home. Its timeless design and sturdy build promise to elevate both your dining experience and your décor.",//timbermanor.in/cdn/shop/files/888ED43C-2D7B-4AE0-BA36-818745343AED.png?v=1717431056&width=1946,,https://timbermanor.in/products/tristan-dining-table
Clyde Dining Table,"Rs. 24,850.00",Discover the perfect blend of style and functionality with the Clyde Dining Table. Its modern design showcases natural wood tones to elevate any dining space. Expert craftsmanship and contemporary aesthetics make this table a must-have for any home.,//timbermanor.in/cdn/shop/files/BC1E5AD9-9C98-462B-B86F-31D9F04335F5.jpg?v=1714028606&width=1946,"Length- 66in
Height- 32in
Width- 36in",https://timbermanor.in/products/clyde-dining-table
Matilda Console,"Rs. 26,850.00","The Matilda Console adds mid-century charm while also providing functional storage space. With its sleek design and additional storage capabilities, this console table is perfect for any entryway, living room, or hallway. Bring both style and organization to your home with the Matilda Console. Effortlessly store and display your belongings with the Matilda Console, a mid century piece that offers extra storage options. Enhance your space with this sleek and functional console, perfect for any modern home.",//timbermanor.in/cdn/shop/files/0CD1EBCE-2E51-4DF5-B009-DFF0FBEFE26B.png?v=1717236714&width=1946,"Length- 42in
Height- 48in
Depth- 16in",https://timbermanor.in/products/untitled-apr24_14-41
Bennet Cupboard,"Rs. 26,850.00","The Bennet Cupboard adds a touch of elegance to any room with its beautiful antique brown finish and intricate rattan panels. Its spacious design allows for ample storage and organization, making it a practical and stylish addition to your home decor.",//timbermanor.in/cdn/shop/files/501A0B82-186A-4138-9718-C39A7B67DCAB.png?v=1717429616&width=1946,"Height- 42in
Width- 36in
Depth- 15in",https://timbermanor.in/products/bennet-cupboard
Denver Dresser,"Rs. 38,500.00","This Denver Dresser, also referred to as a ""storage maestro,"" is composed of solid wood and coated in white Duco paint. Its spacious drawers are lined with soft velvet, providing a touch of luxury. This custom-made piece perfectly complements our Lauris Queen Bed and Denver Bedsides and is crafted with expertise using high-quality solid wood. The combination of its exquisite design and compatibility with other pieces make the Denver Dresser a must-have addition to any bedroom. This is a made to order product, please contact us if you’d like the dimensions or the finish to be altered.",//timbermanor.in/cdn/shop/files/C2A17F8B-7F6D-4346-888D-BC4FD20A8C7C.png?v=1717430519&width=1946,"Length- 54in
Height- 40in
Depth- 18in
",https://timbermanor.in/products/denver-dresser
Bennet Cupboard,"Rs. 26,850.00","The Bennet Cupboard adds a touch of elegance to any room with its beautiful antique brown finish and intricate rattan panels. Its spacious design allows for ample storage and organization, making it a practical and stylish addition to your home decor.",//timbermanor.in/cdn/shop/files/501A0B82-186A-4138-9718-C39A7B67DCAB.png?v=1717429616&width=1946,"Height- 42in
Width- 36in
Depth- 15in",https://timbermanor.in/products/bennet-cupboard
Venezia Cabinet,"Rs. 31,500.00",No description available,//timbermanor.in/cdn/shop/files/92AE7AE0-37B4-44FD-98FF-7388BEAF5ADC.jpg?v=1682664034&width=1946,"Length- 60in
Height- 36in
Depth- 14in",https://timbermanor.in/products/venezia-cabinet
Kun Wall Shelves,"Rs. 4,200.00","Maximize storage and style with Kun Wall Shelves. Crafted with natural cane, these shelves provide a sleek and modern look while also offering durable and functional storage options. Perfect for any room in your home, these shelves add a touch of elegance while keeping your space organized and clutter-free.",//timbermanor.in/cdn/shop/files/46A7870F-BDE7-4B1D-AD21-5A30E682F58B.jpg?v=1714470615&width=1946,"Length- 24in
Height- 6in
Depth- 6in",https://timbermanor.in/products/untitled-apr19_11-49
Essen Olive Cabinet,"Rs. 23,500.00",No description available,//timbermanor.in/cdn/shop/files/DB62A6B2-C8FC-44A4-A8CD-0F200EDF8924_1_102_o.jpg?v=1683359803&width=1946,"Height- 42in
Width- 36in
Depth- 15in",https://timbermanor.in/products/essen-olive-cabinet
Clyde Bench,"Rs. 14,850.00","The Clyde Bench is a versatile addition to any space, featuring a contemporary design and a raw wood finish. Its sleek look and neutral color make it suitable for a variety of décor styles. Crafted with high-quality materials, it's both durable and stylish, providing a functional and modern touch to your home.",//timbermanor.in/cdn/shop/files/A65CA69E-10B3-42E8-AE09-3A9501F08FB7.jpg?v=1714134314&width=1946,,https://timbermanor.in/products/clyde-bench
Nelson Bed,"Rs. 68,000.00","The Nelson King Bed offers elegant, timeless style with its black matte finish. With ample storage, this king-sized bed combines practicality and aesthetics, making it the perfect addition to any bedroom. Experience the luxury of a king-sized bed with the added convenience of storage space.",//timbermanor.in/cdn/shop/files/EADD487D-23DB-49A8-995E-0A03B543DC00.png?v=1718091692&width=1946,,https://timbermanor.in/products/king-bed-storage
Noel Rattan Bed,"Rs. 42,000.00","Indulge in the ultimate luxury with our Noel Rattan Bed. Handcrafted with exquisite rattan, this bed exudes elegance and sophistication. Elevate your bedroom decor with this stunning piece, adding a touch of natural beauty to your sanctuary. Experience the perfect blend of comfort and style with our Noel Rattan Bed.",//timbermanor.in/cdn/shop/files/59A5B42C-C720-4AC9-BDD4-A3C0FC02A2CE.png?v=1718311910&width=1946,"King Size

Mattress - 72x75in",https://timbermanor.in/products/noel-rattan-bed
Warren Drawerboard,"Rs. 31,500.00","Unique door design for extra access , channeled drawers and brass coated legs . Experience the elegance of our Warren Sideboard featuring rattan panelled French doors, channeled drawers, and antique burnt olive tones. Add a touch of vintage charm to any space while also providing ample storage. Crafted with quality and style in mind, this piece will elevate your home decor.",//timbermanor.in/cdn/shop/files/56EC376D-5EBF-48B8-8BC8-3C049FBCBD10.png?v=1718088577&width=1946,"Length- 48in
Height- 38.5in
Depth- 18in",https://timbermanor.in/products/warren-sideboard
Toledo Cabinet,"Rs. 32,500.00","The Toledo Cabinet is a must-have for any home, offering both style and functionality. With its spacious sideboard and convenient drawer storage, you can easily store and organize belongings. The added bonus of rattan adds a touch of elegance to any room. Upgrade your space today with this versatile piece.",//timbermanor.in/cdn/shop/files/03DF4F9C-9332-4DBD-A480-22C1C1B05B1C.png?v=1716532687&width=1946,"Length- 48in
Height- 42in
Depth- 16in",https://timbermanor.in/products/toledo-cabinet
Matilda Console Legacy,"Rs. 26,500.00","The Matilda Console Legacy is a timeless piece, beautifully finished in antique brown and stained green. With spacious cabinets and channeled drawers, it offers ample storage while adding a touch of handwoven rattan for a unique and elegant look. The perfect addition to any home or office space.",//timbermanor.in/cdn/shop/files/030759EA-521F-41BD-B945-616804F88D00.png?v=1717237609&width=1946,"Length- 42in
Height- 48in
Depth- 16in",https://timbermanor.in/products/matilda-console-legacy
Venezia Cabinet,"Rs. 31,500.00",No description available,//timbermanor.in/cdn/shop/files/92AE7AE0-37B4-44FD-98FF-7388BEAF5ADC.jpg?v=1682664034&width=1946,"Length- 60in
Height- 36in
Depth- 14in",https://timbermanor.in/products/venezia-cabinet
Brussels Sideboard,"Rs. 31,500.00",No description available,//timbermanor.in/cdn/shop/files/E7C0DCD3-6C3E-463A-9767-8539F19A56B4.jpg?v=1717069101&width=1946,"Length- 60in
Height- 36in
Depth- 16in",https://timbermanor.in/products/brussels-sideboard
Leslie Lounger,"Rs. 36,800.00","The Leslie Lounger features a boucle upholstered design, providing both style and comfort in one piece of furniture. Perfect for lounging and relaxation, this lounger offers a comfortable seating experience for any space. Indulge in the highest level of comfort and add a touch of chic to your home with the Leslie Lounger.",//timbermanor.in/cdn/shop/files/C63F664C-1E10-4626-A313-619F2346D022.png?v=1721460598&width=1946,"Length- 72in
Width- 32in
Seating height- 17.5in
Armrest/backrest height- 34in",https://timbermanor.in/products/lounger
Whitman Lounger,"Rs. 58,500.00","Designed for maximum comfort, the Whitman Lounger boasts fibre cushioned seats and soft linen/cotton upholstery. Perfect for relaxing after a long day, this stylish piece will elevate any living space with its ultra comfortable design.",//timbermanor.in/cdn/shop/files/F69399F0-5EEA-42AA-8EB8-35426C121995.png?v=1719027377&width=1946,"Length- 84in
Width- 32in
Seating height- 18.5in
Back height- 30in",https://timbermanor.in/products/untitled-jun21_12-09
Carlton Lounger,"Rs. 84,000.00","The Carlton Lounger offers superior comfort and spaciousness with its soft padding for armrests and ultra comfortable cushions. The wooden frame provides durability and support, while the chaise allows for ultimate relaxation. Perfect for those seeking a luxurious lounging experience.",//timbermanor.in/cdn/shop/files/5180B526-9123-44A4-8482-31CC57084992.png?v=1717586726&width=1946,,https://timbermanor.in/products/carlton-lounger
Naples Lounger,"Rs. 62,000.00","Made with Sheesham wood and upholstered in a easy to clean plush cotton fabric. The Naples Lounger offers ultimate comfort with added cushioning. Designed to make relaxation a priority, this lounger provides exceptional comfort for extended use. Increase your comfort level with this luxurious addition to your living space.",//timbermanor.in/cdn/shop/files/3067A9F5-8EA7-46EC-9491-25FA0681C16C.jpg?v=1714133394&width=1946,,https://timbermanor.in/products/naples-lounger
Danielle Lounger,"Rs. 56,850.00",No description available,//timbermanor.in/cdn/shop/files/AE80D8E2-8C96-4CE9-AEAC-E0F4B2A792F1.png?v=1716268564&width=1946,"Length- 84in
Height- 32in
Depth-32in",https://timbermanor.in/products/danielle-lounger
Gareth Bed,"Rs. 36,500.00","Expertly crafted from solid wood, the Gareth Bed Set features a stunning half poster design and all wooden sides for a durable and stylish addition to any bedroom. Elevate your sleeping experience with this beautifully crafted bed.",//timbermanor.in/cdn/shop/files/4330C096-778B-46DC-BAFB-19C2B92C29DA.png?v=1719428498&width=1946,,https://timbermanor.in/products/gareth-bed-set
Noel Rattan Bed,"Rs. 42,000.00","Indulge in the ultimate luxury with our Noel Rattan Bed. Handcrafted with exquisite rattan, this bed exudes elegance and sophistication. Elevate your bedroom decor with this stunning piece, adding a touch of natural beauty to your sanctuary. Experience the perfect blend of comfort and style with our Noel Rattan Bed.",//timbermanor.in/cdn/shop/files/59A5B42C-C720-4AC9-BDD4-A3C0FC02A2CE.png?v=1718311910&width=1946,"King Size

Mattress - 72x75in",https://timbermanor.in/products/noel-rattan-bed
Caitlyn Bed,"Rs. 36,500.00","The Caitlyn Queen Bed is a sleek and modern addition to any bedroom. With its minimalistic design and upholstered finish, it offers both style and comfort. Crafted with high-quality materials, this bed will provide a restful night's sleep for years to come. Elevate your bedroom with this elegant and functional piece.",//timbermanor.in/cdn/shop/files/3E9132AB-40F5-4984-A41D-C7A82A07FD6E.png?v=1718183294&width=1946,,https://timbermanor.in/products/caitlyn-queen-bed
Nelson Bed,"Rs. 68,000.00","The Nelson King Bed offers elegant, timeless style with its black matte finish. With ample storage, this king-sized bed combines practicality and aesthetics, making it the perfect addition to any bedroom. Experience the luxury of a king-sized bed with the added convenience of storage space.",//timbermanor.in/cdn/shop/files/EADD487D-23DB-49A8-995E-0A03B543DC00.png?v=1718091692&width=1946,,https://timbermanor.in/products/king-bed-storage
Ruth Queen Bed,"Rs. 46,000.00","The Ruth Queen Bed combines the natural elegance of rattan with the sturdy durability of solid wood. The rattan back adds a touch of sophistication to this queen-sized bed, creating a comfortable and stylish sleeping experience. Crafted with quality materials, it is built to last for years to come.",//timbermanor.in/cdn/shop/files/B76CA432-8FB4-40D1-B585-28A5CCA9DD4E.png?v=1717430764&width=1946,"Mattress size: 60x78in

Headboard height- 54in
Platform height- 12in",https://timbermanor.in/products/ruth-queen-bed
Diona Bed,"Rs. 38,000.00","Elevate your bedroom with the Diona Queen Bed. Featuring an upholstered curved headboard, this bed offers both comfort and style. The rich natural tones add a touch of elegance to any room. Crafted with expert precision, experience luxury at its finest.",//timbermanor.in/cdn/shop/files/2E1AE92C-3876-4867-A488-9A6F7EEFC0BA.png?v=1717429953&width=1946,,https://timbermanor.in/products/diona-queen-bed
Quinn Study Desk,"Rs. 22,500.00","Maximize your study space with the Quinn Study Desk. This sleek desk is designed with space utilization in mind, featuring a moss green finish and natural wooden tones. The channelled drawer storage and drop down counter make it easy to stay organized, while adding a touch of style to your workspace.",//timbermanor.in/cdn/shop/files/783F6EC2-A051-4367-864F-3EECF07DC92D.jpg?v=1714640051&width=1946,"Length- 36in
Height- 48in
Depth- 16in",https://timbermanor.in/products/quinn-study-desk
Flynn Study Desk,"Rs. 23,880.00","This Flynn Study Desk is expertly crafted from solid wood, providing a timeless and durable addition to any study space. With its functional storage options and minimalist theme, it offers a perfect balance of form and function. Increase productivity with this professional and stylish desk.",//timbermanor.in/cdn/shop/files/19A89D59-EA78-4211-A327-8EAEDDCA924D.png?v=1716197929&width=1946,"Length- 42in
Height- 48in
Depth- 16in",https://timbermanor.in/products/untitled-may1_09-20
Talula TV Cabinet,"Rs. 24,500.00",No description available,//timbermanor.in/cdn/shop/files/7BB9B536-37AD-4935-844E-991791C222F7.png?v=1706096497&width=1946,"Length- 66in
Height- 22in
Depth- 15in",https://timbermanor.in/products/talula-tv-cabinet
Tudor Bar Cabinet,"Rs. 31,850.00",No description available,//timbermanor.in/cdn/shop/files/BB7A909E-A80A-4024-AE1D-F7C500430CE0.jpg?v=1682598463&width=1946,"Height- 44in
Width- 38in
Depth- 14in",https://timbermanor.in/products/tudor-bar-cabinet
Gerald Tv Cabinet,"Rs. 26,500.00","Crafted with expert precision, the Gerald TV Cabinet exudes a mid-century aesthetic, featuring a tasteful blend of rustic red and antique brown finishes. Its auto hinges and custom knobs add a touch of refinement to any space, elevating your TV viewing experience.",//timbermanor.in/cdn/shop/files/D1313F5E-AD1E-4890-92A3-7B1B398DF9BF.png?v=1706673380&width=1946,"Length- 70in
Height- 24in
Depth- 15in",https://timbermanor.in/products/gerald-tv-cabinet
Elm Tallboard,"Rs. 33,500.00",No description available,//timbermanor.in/cdn/shop/files/A65C2765-B3FE-46C6-BED5-AF012B33B87A.png?v=1684303449&width=1946,"Height- 66in
Width- 24in
Depth- 14in",https://timbermanor.in/products/elm-tallboard
Denver Dresser,"Rs. 38,500.00","This Denver Dresser, also referred to as a ""storage maestro,"" is composed of solid wood and coated in white Duco paint. Its spacious drawers are lined with soft velvet, providing a touch of luxury. This custom-made piece perfectly complements our Lauris Queen Bed and Denver Bedsides and is crafted with expertise using high-quality solid wood. The combination of its exquisite design and compatibility with other pieces make the Denver Dresser a must-have addition to any bedroom. This is a made to order product, please contact us if you’d like the dimensions or the finish to be altered.",//timbermanor.in/cdn/shop/files/C2A17F8B-7F6D-4346-888D-BC4FD20A8C7C.png?v=1717430519&width=1946,"Length- 54in
Height- 40in
Depth- 18in
",https://timbermanor.in/products/denver-dresser
Burkin Cabinet,"Rs. 28,850.00","Expertly handcrafted from natural wood tones and adorned with a delicate pastel green carved design, this cabinet offers versatile storage options for linens, dishes, or shoes. Its sturdy construction ensures reliable weight-bearing capabilities.",//timbermanor.in/cdn/shop/files/IMG_3745.png?v=1709276483&width=1946,"Height- 54in
Width- 32in
Depth- 16in",https://timbermanor.in/products/burkin-cabinet
Whitman Coffee Table,"Rs. 26,000.00","Crafted by hand, the Whitman Coffee Table is made from premium solid Sheesham wood. Experience the state-of-the-art design and high-quality craftsmanship with every use. Elevate your living space with this luxurious and durable piece.",//timbermanor.in/cdn/shop/files/FC0226C4-8801-4313-9765-6CE0A13EBC6C.png?v=1719218672&width=1946,"Length- 36in
Width- 36in
Height- 16.5in",https://timbermanor.in/products/whitman-coffee-table
Whitman Lounger,"Rs. 58,500.00","Designed for maximum comfort, the Whitman Lounger boasts fibre cushioned seats and soft linen/cotton upholstery. Perfect for relaxing after a long day, this stylish piece will elevate any living space with its ultra comfortable design.",//timbermanor.in/cdn/shop/files/F69399F0-5EEA-42AA-8EB8-35426C121995.png?v=1719027377&width=1946,"Length- 84in
Width- 32in
Seating height- 18.5in
Back height- 30in",https://timbermanor.in/products/untitled-jun21_12-09
Whitman Armchair,"Rs. 24,500.00","The Whitman Armchair is a plush seating made from high-quality Sheesham wood and features a soft linen cover. This luxurious combination offers both comfort and durability for any living space. With a sleek and modern design, this armchair is a must-have for any home.",//timbermanor.in/cdn/shop/files/BF09D4DC-E9C7-4A17-9962-4A6A240349D4.png?v=1718313188&width=1946,,https://timbermanor.in/products/nelson-single-seater
